<?xml version="1.0" encoding="utf-8"?>

<odoo>

    <record id="rule_pos_order_operating_units" model="ir.rule">
        <field name="model_id" ref="point_of_sale.model_pos_order"/>
        <field name="domain_force">['|',('operating_unit_id','=',False),('operating_unit_id','in',[g.id for g in user.operating_unit_ids])]</field>
        <field name="name">POS Orders from allowed operating units</field>
        <field name="global" eval="True"/>
        <field eval="0" name="perm_unlink"/>
        <field eval="0" name="perm_write"/>
        <field eval="1" name="perm_read"/>
        <field eval="0" name="perm_create"/>
    </record>

    <record id="rule_pos_order_line_operating_units" model="ir.rule">
        <field name="model_id" ref="point_of_sale.model_pos_order_line"/>
        <field name="domain_force">['|',('operating_unit_id','=',False),('operating_unit_id','in',[g.id for g in user.operating_unit_ids])]</field>
        <field name="name">POS Order lines from allowed operating units</field>
        <field name="global" eval="True"/>
        <field eval="0" name="perm_unlink"/>
        <field eval="0" name="perm_write"/>
        <field eval="1" name="perm_read"/>
        <field eval="0" name="perm_create"/>
    </record>

    <record id="rule_point_of_sale_report_operating_units"
            model="ir.rule">
        <field name="model_id" ref="point_of_sale.model_report_pos_order"/>
        <field name="domain_force">['|',('operating_unit_id','=',False),('operating_unit_id','in',[g.id for g in user.operating_unit_ids])]</field>
        <field name="name">POS Report from allowed operating units</field>
        <field name="global" eval="True"/>
        <field eval="0" name="perm_unlink"/>
        <field eval="0" name="perm_write"/>
        <field eval="1" name="perm_read"/>
        <field eval="0" name="perm_create"/>
    </record>


    <record id="rule_point_of_sale_config_operating_units"
            model="ir.rule">
        <field name="model_id" ref="point_of_sale.model_pos_config"/>
        <field name="domain_force">['|',('operating_unit_id','=',False),('operating_unit_id','in',[g.id for g in user.operating_unit_ids])]</field>
        <field name="name">POS Configuration allowed operating units</field>
        <field name="global" eval="True"/>
        <field eval="0" name="perm_unlink"/>
        <field eval="0" name="perm_write"/>
        <field eval="1" name="perm_read"/>
        <field eval="0" name="perm_create"/>
    </record>

    <record id="rule_point_of_sale_session_operating_units"
            model="ir.rule">
        <field name="model_id" ref="point_of_sale.model_pos_session"/>
        <field name="domain_force">['|',('operating_unit_id','=',False),('operating_unit_id','in',[g.id for g in user.operating_unit_ids])]</field>
        <field name="name">POS Session allowed operating units</field>
        <field name="global" eval="True"/>
        <field eval="0" name="perm_unlink"/>
        <field eval="0" name="perm_write"/>
        <field eval="1" name="perm_read"/>
        <field eval="0" name="perm_create"/>
    </record>

</odoo>
